{
	"credit": "Made by Satisfy",
	"parent": "block/block",
	"ambientocclusion": false,
	"textures": {
		"2": "vinery:block/barrel_side",
		"3": "vinery:block/stove_top",
		"4": "vinery:block/bottom",
		"5": "vinery:block/barrel_front",
		"particle": "vinery:block/stove_top"
	},
	"elements": [
		{
			"from": [7, 14, 7],
			"to": [9, 17, 9],
			"rotation": {"angle": 0, "axis": "y", "origin": [-0.25, 0, -0.25]},
			"faces": {
				"north": {"uv": [14, 10, 16, 13], "texture": "#3"},
				"east": {"uv": [0, 5, 2, 8], "texture": "#3"},
				"south": {"uv": [0, 13, 2, 16], "texture": "#3"},
				"west": {"uv": [14, 0, 16, 3], "texture": "#3"},
				"up": {"uv": [0, 0, 2, 2], "texture": "#3"},
				"down": {"uv": [14, 13, 16, 16], "texture": "#3"}
			}
		},
		{
			"from": [8, 3, 18],
			"to": [9, 11, 19],
			"faces": {
				"north": {"uv": [1, 0, 2, 8], "texture": "#3"},
				"east": {"uv": [1, 0, 2, 8], "texture": "#3"},
				"south": {"uv": [1, 0, 2, 8], "texture": "#3"},
				"west": {"uv": [1, 0, 2, 8], "texture": "#3"},
				"up": {"uv": [5, 1, 4, 0], "texture": "#3"},
				"down": {"uv": [5, 1, 4, 2], "texture": "#3"}
			}
		},
		{
			"from": [1, 2, 0],
			"to": [15, 16, 16],
			"rotation": {"angle": 0, "axis": "y", "origin": [8, 8, 8]},
			"faces": {
				"north": {"uv": [1, 1, 15, 15], "texture": "#5"},
				"east": {"uv": [0, 0, 14, 16], "rotation": 270, "texture": "#2"},
				"south": {"uv": [1, 1, 15, 15], "rotation": 90, "texture": "#5"},
				"west": {"uv": [0, 0, 14, 16], "rotation": 90, "texture": "#2"},
				"up": {"uv": [0, 0, 14, 16], "rotation": 180, "texture": "#2"},
				"down": {"uv": [1, 0, 15, 16], "texture": "#2"}
			}
		},
		{
			"from": [1, 0, 12],
			"to": [15, 2, 15],
			"faces": {
				"north": {"uv": [14, 1, 16, 15], "rotation": 90, "texture": "#4"},
				"east": {"uv": [16, 8, 13, 10], "texture": "#4"},
				"south": {"uv": [14, 0, 16, 14], "rotation": 90, "texture": "#4"},
				"west": {"uv": [13, 8, 16, 10], "texture": "#4"},
				"up": {"uv": [3, 0, 0, 16], "rotation": 90, "texture": "#4"},
				"down": {"uv": [16, 0, 13, 16], "rotation": 90, "texture": "#4"}
			}
		},
		{
			"from": [1, 0, 1],
			"to": [15, 2, 4],
			"faces": {
				"north": {"uv": [14, 1, 16, 15], "rotation": 90, "texture": "#4"},
				"east": {"uv": [16, 8, 13, 10], "texture": "#4"},
				"south": {"uv": [14, 0, 16, 14], "rotation": 90, "texture": "#4"},
				"west": {"uv": [13, 8, 16, 10], "texture": "#4"},
				"up": {"uv": [3, 0, 0, 16], "rotation": 90, "texture": "#4"},
				"down": {"uv": [16, 0, 13, 16], "rotation": 90, "texture": "#4"}
			}
		},
		{
			"from": [2, 1, 4],
			"to": [2, 2, 12],
			"faces": {
				"north": {"uv": [7, 14, 15, 15], "texture": "#4"},
				"east": {"uv": [15, 4, 16, 12], "rotation": 90, "texture": "#4"},
				"south": {"uv": [7, 2, 15, 3], "rotation": 90, "texture": "#4"},
				"west": {"uv": [15, 4, 16, 12], "rotation": 90, "texture": "#4"},
				"up": {"uv": [7, 7, 15, 8], "rotation": 90, "texture": "#4"},
				"down": {"uv": [7, 13, 15, 14], "rotation": 90, "texture": "#4"}
			}
		},
		{
			"from": [14, 1, 4],
			"to": [14, 2, 12],
			"faces": {
				"north": {"uv": [7, 14, 15, 15], "texture": "#4"},
				"east": {"uv": [15, 4, 16, 12], "rotation": 90, "texture": "#4"},
				"south": {"uv": [7, 2, 15, 3], "rotation": 90, "texture": "#4"},
				"west": {"uv": [15, 4, 16, 12], "rotation": 90, "texture": "#4"},
				"up": {"uv": [7, 7, 15, 8], "rotation": 90, "texture": "#4"},
				"down": {"uv": [7, 13, 15, 14], "rotation": 90, "texture": "#4"}
			}
		},
		{
			"from": [7, 5, 16],
			"to": [10, 8, 20],
			"faces": {
				"north": {"uv": [0, 0, 3, 3], "texture": "#3"},
				"east": {"uv": [0, 0, 4, 3], "texture": "#3"},
				"south": {"uv": [0, 0, 3, 3], "texture": "#3"},
				"west": {"uv": [0, 0, 4, 3], "texture": "#3"},
				"up": {"uv": [0, 0, 3, 4], "texture": "#3"},
				"down": {"uv": [0, 0, 3, 4], "texture": "#3"}
			}
		}
	],
	"display": {
		"thirdperson_righthand": {
			"rotation": [75, 45, 0],
			"translation": [0, 2.5, 0],
			"scale": [0.375, 0.375, 0.375]
		},
		"thirdperson_lefthand": {
			"rotation": [75, 45, 0],
			"translation": [0, 2.5, 0],
			"scale": [0.375, 0.375, 0.375]
		},
		"firstperson_righthand": {
			"rotation": [0, 45, 0],
			"scale": [0.4, 0.4, 0.4]
		},
		"firstperson_lefthand": {
			"rotation": [0, 225, 0],
			"scale": [0.4, 0.4, 0.4]
		},
		"ground": {
			"translation": [0, 3, 0],
			"scale": [0.25, 0.25, 0.25]
		},
		"gui": {
			"rotation": [30, 46, 0],
			"translation": [0, -0.5, 0],
			"scale": [0.58, 0.58, 0.58]
		},
		"head": {
			"rotation": [0, -180, 0],
			"translation": [0, 9.5, 0],
			"scale": [0.4, 0.4, 0.4]
		},
		"fixed": {
			"scale": [0.5, 0.5, 0.5]
		}
	},
	"groups": [
		{
			"name": "Tap",
			"origin": [8, 8, 8],
			"color": 0,
			"children": [0, 1]
		},
		{
			"name": "Barrel",
			"origin": [8, 8, 8],
			"color": 0,
			"children": [2]
		},
		{
			"name": "Mount",
			"origin": [8, 8, 8],
			"color": 0,
			"children": [3, 4, 5, 6]
		},
		7
	]
}