{
    "parent": "block/slab_top",
    "textures": {
        "particle": "block/grass_block_top",
        "bottom": "block/dirt",
        "top": "block/grass_block_top",
        "side": "block/grass_block_side",
        "overlay": "block/grass_block_side_overlay"
    },
    "elements": [
        {
            "from": [0, 8, 0],
            "to": [16, 16, 16],
            "faces": {
                "down": { "uv": [0, 0, 16, 16], "texture": "#bottom" },
                "up": { "uv": [0, 0, 16, 16], "texture": "#top", "cullface": "up", "tintindex": 0 },
                "north": { "uv": [0, 0, 16, 8], "texture": "#side", "cullface": "north" },
                "south": { "uv": [0, 0, 16, 8], "texture": "#side", "cullface": "south" },
                "west": { "uv": [0, 0, 16, 8], "texture": "#side", "cullface": "west" },
                "east": { "uv": [0, 0, 16, 8], "texture": "#side", "cullface": "east" }
            }
        },
        {
            "from": [0, 8, 0],
            "to": [16, 16, 16],
            "faces": {
                "north": { "uv": [0, 0, 16, 8], "texture": "#overlay", "cullface": "north", "tintindex": 0 },
                "south": { "uv": [0, 0, 16, 8], "texture": "#overlay", "cullface": "south", "tintindex": 0 },
                "west": { "uv": [0, 0, 16, 8], "texture": "#overlay", "cullface": "west", "tintindex": 0 },
                "east": { "uv": [0, 0, 16, 8], "texture": "#overlay", "cullface": "east", "tintindex": 0 }
            }
        }
    ]
}
